chat_id_1,chat_id_2,similarity,date_diff
173,181,1.0000000000000004,0 days 00:03:15
1730,1934,1.0000000000000004,0 days 00:00:55
1751,1735,1.0000000000000004,0 days 00:00:17
1730,1934,1.0000000000000004,0 days 00:00:09
1730,1934,1.0000000000000004,0 days 00:00:07
1751,1735,1.0000000000000002,0 days 00:00:18
1730,1934,1.0000000000000002,0 days 00:00:06
1730,1934,1.0000000000000002,0 days 00:00:06
1730,1934,1.0000000000000002,0 days 00:00:08
1730,1934,1.0000000000000002,0 days 00:00:07
1730,1934,1.0000000000000002,0 days 00:00:06
1730,1934,1.0000000000000002,0 days 00:00:11
1730,1934,1.0000000000000002,0 days 00:00:07
219,207,1.0000000000000002,0 days 00:02:30
1730,1934,1.0000000000000002,0 days 00:00:08
1730,1934,1.0000000000000002,0 days 00:00:25
175,183,1.0000000000000002,0 days 00:02:08
1751,1735,1.0000000000000002,6 days 19:41:42
1751,1735,1.0000000000000002,0 days 00:00:17
2633,2671,1.0000000000000002,0 days 00:02:04
219,173,1.0000000000000002,0 days 00:00:31
1751,1735,1.0000000000000002,0 days 00:00:17
179,207,1.0000000000000002,0 days 00:04:39
173,179,1.0000000000000002,0 days 00:17:01
1751,1735,1.0000000000000002,0 days 00:00:18
173,181,1.0000000000000002,0 days 00:01:03
1751,1735,1.0000000000000002,0 days 00:00:16
1751,1735,1.0000000000000002,0 days 00:00:16
219,173,1.0000000000000002,0 days 00:07:57
173,179,1.0000000000000002,0 days 00:02:40
173,219,1.0000000000000002,0 days 00:00:32
1751,1735,1.0000000000000002,0 days 00:00:17
114,173,1.0000000000000002,5 days 12:55:12
173,219,1.0000000000000002,3 days 00:53:35
21,2608,1.0000000000000002,0 days 00:18:02
173,114,1.0000000000000002,0 days 10:05:05
173,114,1.0000000000000002,0 days 03:06:53
1751,1735,1.0000000000000002,0 days 00:00:16
1730,1934,1.0000000000000002,0 days 00:00:06
3689,3741,1.0000000000000002,0 days 00:00:05
1730,1934,1.0000000000000002,0 days 00:00:13
1730,1934,1.0000000000000002,0 days 00:00:11
19,1751,1.0000000000000002,0 days 11:37:35
3703,3689,1.0000000000000002,0 days 00:00:06
19,1751,1.0000000000000002,0 days 00:00:35
1751,1735,1.0000000000000002,0 days 00:00:18
19,1751,1.0000000000000002,0 days 00:00:02
19,1865,1.0000000000000002,0 days 00:00:32
19,1865,1.0000000000000002,0 days 00:00:57
3703,3741,1.0000000000000002,0 days 00:00:11
3703,3741,1.0,0 days 00:00:06
1751,1735,1.0,0 days 00:00:17
114,206,1.0,6 days 20:30:22
114,206,1.0,4 days 16:43:51
17,1773,1.0,0 days 00:00:00
18,1773,1.0,0 days 00:00:07
18,17,1.0,0 days 00:00:07
173,179,1.0,0 days 00:02:35
3689,3703,1.0,0 days 00:00:04
173,114,1.0,0 days 01:14:44
3689,3741,1.0,0 days 00:00:10
219,173,1.0,0 days 00:13:31
173,114,1.0,0 days 10:56:55
219,173,1.0,0 days 00:00:36
19,1865,1.0,0 days 00:00:33
1751,1735,1.0,0 days 00:00:17
19,1751,1.0,0 days 00:00:53
19,1865,1.0,0 days 00:01:03
1751,1735,1.0,0 days 00:00:17
1751,1865,1.0,0 days 00:00:10
173,179,1.0,0 days 00:02:04
1751,1735,1.0,0 days 00:00:17
1751,1735,1.0,0 days 00:00:16
1751,1735,1.0,0 days 00:00:17
1751,1735,1.0,0 days 00:00:17
173,181,1.0,0 days 00:04:43
219,210,1.0,0 days 00:00:11
1751,1735,1.0,0 days 00:00:17
1751,1735,1.0,0 days 00:00:17
1730,1934,1.0,0 days 00:00:05
1730,1934,1.0,0 days 00:00:09
1730,1934,1.0,0 days 00:00:11
1730,1934,1.0,0 days 00:01:17
3389,177,1.0,0 days 00:00:00
1730,1934,1.0,0 days 00:00:09
1730,1934,1.0,0 days 00:00:08
1730,1934,1.0,0 days 00:00:08
1912,2820,1.0,2 days 16:09:48
3703,3689,1.0,0 days 00:00:29
19,1751,1.0,0 days 00:00:39
1730,1934,1.0,0 days 00:00:09
179,173,1.0,4 days 09:22:49
1751,1735,1.0,1 days 04:30:25
66,205,1.0,0 days 00:02:11
2133,2099,1.0,0 days 00:01:42
1751,1735,1.0,0 days 00:00:16
207,179,1.0,0 days 00:02:01
19,1735,1.0,0 days 00:00:47
1730,1934,1.0,0 days 00:02:58
1730,1934,1.0,0 days 00:00:07
19,1751,1.0,0 days 00:00:31
173,114,1.0,0 days 09:50:11
1730,1934,1.0,0 days 00:00:15
1730,1934,1.0,0 days 00:00:07
1730,1934,1.0,0 days 00:03:00
1751,1735,0.9999999999999999,0 days 00:00:17
1751,1735,0.9999999999999999,0 days 00:00:19
1934,1730,0.9982458706747077,0 days 00:01:36
219,173,0.993426809563003,1 days 05:01:23
173,179,0.9932967365711471,3 days 12:03:35
173,219,0.9932625152648971,2 days 02:04:40
173,219,0.9931896906697599,5 days 11:49:47
181,173,0.9931896906697599,3 days 20:51:35
173,181,0.9931896906697599,1 days 10:08:13
114,173,0.9931640721748544,6 days 20:35:04
1730,1934,0.9924590949282437,1 days 22:00:16
1934,1730,0.9924590949282437,1 days 22:00:01
101,181,0.9912451400803,4 days 12:08:56
1934,1730,0.9879322560469374,0 days 01:30:14
3,67,0.985311952871504,6 days 00:53:52
183,114,0.9848529831718904,0 days 01:43:17
182,206,0.9814834643623335,3 days 10:35:44
78,3703,0.9809781827832673,0 days 00:05:06
173,219,0.9800775702949309,1 days 19:50:11
219,173,0.9800775702949309,2 days 13:34:42
179,219,0.9800775702949309,1 days 19:48:07
173,179,0.9800775702949309,1 days 05:05:28
173,187,0.9761459462247988,6 days 02:08:37
175,183,0.9716979615312763,1 days 18:18:38
181,219,0.9698482782559603,6 days 09:07:49
1735,1751,0.9670936142650408,0 days 07:17:44
1751,1735,0.9670936142650408,0 days 07:18:18
1751,1735,0.9643449484503716,6 days 20:41:33
1934,1730,0.9641478301231151,3 days 02:59:48
101,173,0.9604574273515849,2 days 23:00:16
101,173,0.9604574273515849,3 days 06:45:19
101,173,0.9604574273515849,1 days 10:00:15
101,173,0.9604574273515849,2 days 12:00:15
173,101,0.9604224780709253,0 days 09:59:15
101,173,0.9604224780709253,2 days 05:01:39
114,101,0.9602621633464558,1 days 19:55:49
114,101,0.9602621633464558,1 days 06:55:08
101,114,0.9602621633464558,6 days 12:56:39
173,101,0.9602621633464558,0 days 01:25:33
101,173,0.9602621633464558,5 days 10:29:27
101,173,0.9602621633464558,6 days 11:41:55
101,114,0.9602621633464558,3 days 12:04:35
101,173,0.9602621633464558,6 days 11:50:24
101,173,0.9602621633464558,3 days 10:49:51
101,173,0.9602621633464558,6 days 03:14:57
101,173,0.9602621633464558,3 days 02:14:24
101,114,0.9602621633464558,6 days 13:05:08
114,101,0.9602621633464558,0 days 17:10:51
101,173,0.9602621633464558,5 days 19:04:54
173,101,0.9602621633464558,0 days 10:01:00
101,114,0.9602621633464558,5 days 20:19:38
101,173,0.9602621633464558,4 days 19:04:27
101,114,0.9602621633464558,4 days 20:19:11
173,101,0.9602621633464558,1 days 21:10:33
173,101,0.9602621633464558,1 days 08:09:52
173,101,0.9602621633464558,4 days 17:09:36
173,101,0.9602621633464558,0 days 18:25:35
173,101,0.9602621633464558,6 days 19:30:03
101,173,0.9602621633464558,4 days 10:29:00
173,101,0.9602621633464558,5 days 01:45:03
173,101,0.9602621633464558,6 days 10:54:36
173,101,0.9602621633464558,2 days 05:46:00
114,101,0.9602621633464558,0 days 00:10:49
173,101,0.9602621633464558,1 days 16:45:19
173,101,0.9602621633464558,1 days 03:01:02
114,101,0.9602621633464558,6 days 09:39:52
101,173,0.9602621633464558,6 days 03:06:28
101,173,0.9602621633464558,2 days 05:14:00
101,173,0.9602621633464558,1 days 16:14:33
101,173,0.9602621633464558,0 days 09:14:39
101,114,0.9602621633464558,0 days 19:04:50
101,114,0.9602621633464558,2 days 15:04:11
101,173,0.9602621633464558,1 days 08:49:27
101,114,0.9602621633464558,2 days 02:04:44
114,101,0.9602621633464558,4 days 15:54:52
101,173,0.9602621633464558,2 days 00:50:00
101,173,0.9602621633464558,1 days 00:14:00
101,173,0.9602621633464558,2 days 13:49:27
101,173,0.9602621633464558,0 days 17:50:06
101,114,0.9602621633464558,1 days 10:04:11
3389,177,0.9584205923880155,3 days 22:31:24
182,206,0.9580130365941784,5 days 13:02:44
182,206,0.9568901530435612,2 days 16:55:47
2078,78,0.953535029480268,1 days 00:00:51
101,219,0.9530266232275909,6 days 13:27:11
173,101,0.9530266232275909,1 days 08:31:34
101,173,0.9530266232275909,6 days 13:40:42
101,173,0.9530266232275909,2 days 00:56:22
101,219,0.9530266232275909,3 days 20:26:42
101,173,0.9530266232275909,3 days 20:40:13
101,219,0.9530266232275909,1 days 09:30:59
219,101,0.9530266232275909,1 days 08:45:05
101,219,0.9530266232275909,0 days 05:35:08
101,219,0.9530266232275909,2 days 00:42:51
219,101,0.9530266232275909,2 days 08:36:53
173,101,0.9530266232275909,2 days 08:23:22
101,173,0.9530266232275909,1 days 09:44:30
101,173,0.9530266232275909,0 days 21:36:39
101,173,0.9530266232275909,0 days 05:48:39
101,173,0.9530266232275909,0 days 12:47:45
101,219,0.9530266232275909,0 days 21:23:08
101,219,0.9530266232275909,2 days 09:54:50
101,219,0.9530266232275909,3 days 03:06:46
101,173,0.9530266232275909,3 days 03:20:17
101,173,0.9530266232275909,4 days 15:48:35
101,173,0.9530266232275909,2 days 10:08:21
101,219,0.9530266232275909,4 days 15:35:04
101,219,0.9530266232275909,5 days 23:03:05
101,173,0.9530266232275909,5 days 23:16:36
101,219,0.9530266232275909,6 days 23:10:40
101,173,0.9530266232275909,6 days 23:24:11
101,219,0.9530266232275909,0 days 12:34:14
101,173,0.9528884694431077,3 days 16:45:21
173,101,0.9528884694431077,5 days 16:29:41
101,173,0.9528884694431077,4 days 11:00:15
101,173,0.9528884694431077,4 days 19:30:17
173,101,0.9528884694431077,5 days 05:44:36
173,101,0.9528884694431077,6 days 16:44:38
101,173,0.9528884694431077,6 days 20:24:15
101,173,0.9528884694431077,6 days 03:24:13
101,173,0.9528884694431077,0 days 10:55:12
173,101,0.9528884694431077,0 days 10:04:49
101,173,0.9528884694431077,6 days 17:15:22
173,101,0.9528884694431077,1 days 00:34:47
101,173,0.9528884694431077,5 days 13:39:56
173,101,0.9528884694431077,5 days 08:19:52
173,101,0.9528884694431077,6 days 03:49:54
173,101,0.9528884694431077,6 days 23:04:47
101,173,0.9528884694431077,4 days 04:30:10
101,173,0.9528884694431077,2 days 04:40:12
173,101,0.9528884694431077,1 days 11:49:53
101,173,0.9528884694431077,5 days 00:39:15
173,101,0.9528884694431077,2 days 18:59:45
173,101,0.9528884694431077,0 days 10:29:39
173,101,0.9528884694431077,4 days 05:14:38
173,101,0.9528884694431077,4 days 15:14:40
173,101,0.9528884694431077,1 days 15:14:38
173,101,0.9528884694431077,2 days 03:29:43
101,173,0.9528444203401827,3 days 17:40:53
173,101,0.9528444203401827,4 days 11:35:09
101,219,0.9528444203401827,0 days 05:14:38
173,101,0.9528444203401827,2 days 09:53:31
101,173,0.9528444203401827,5 days 07:46:35
173,101,0.9528444203401827,1 days 09:21:49
173,101,0.9528444203401827,5 days 07:06:18
173,101,0.9528444203401827,0 days 06:49:32
101,173,0.9528444203401827,3 days 09:13:42
101,173,0.9528444203401827,3 days 18:02:31
173,101,0.9528444203401827,3 days 17:22:14
101,219,0.9528444203401827,2 days 22:46:34
101,173,0.9528444203401827,2 days 22:54:31
173,101,0.9528444203401827,5 days 02:35:08
101,173,0.9528444203401827,0 days 05:22:35
173,101,0.9528444203401827,2 days 11:34:14
101,173,0.9528444203401827,5 days 07:41:47
101,173,0.9528444203401827,0 days 18:12:48
101,173,0.9528444203401827,5 days 21:54:35
101,219,0.9528444203401827,5 days 21:46:38
101,219,0.9528444203401827,3 days 17:54:34
101,173,0.9528444203401827,6 days 05:44:48
173,101,0.9528444203401827,6 days 02:14:18
101,173,0.9528444203401827,5 days 12:12:52
173,101,0.9528444203401827,5 days 18:15:08
173,101,0.9528444203401827,6 days 08:23:08
101,173,0.9528444203401827,4 days 23:56:52
101,173,0.9528444203401827,6 days 08:41:47
173,101,0.9528444203401827,4 days 10:02:15
101,173,0.9528444203401827,3 days 19:00:34
101,173,0.9528444203401827,2 days 16:40:53
101,173,0.9528444203401827,6 days 10:01:28
101,173,0.9528444203401827,1 days 19:48:40
101,219,0.9528444203401827,4 days 14:58:37
101,173,0.9528444203401827,4 days 10:49:34
219,101,0.9528444203401827,1 days 09:29:46
101,219,0.9528444203401827,5 days 07:38:38
101,219,0.9528444203401827,6 days 13:26:38
219,101,0.9528444203401827,2 days 10:01:28
101,219,0.9528444203401827,1 days 07:22:29
101,173,0.9528444203401827,4 days 15:06:34
173,101,0.9528444203401827,1 days 20:34:15
101,173,0.9528444203401827,1 days 07:30:26
173,101,0.9528444203401827,3 days 03:14:14
101,173,0.9528444203401827,6 days 13:34:35
219,101,0.9528444203401827,0 days 06:57:29
181,173,0.951895747787491,0 days 00:00:39
1730,1934,0.9505137262237742,0 days 21:50:23
1730,1934,0.9497946194293392,2 days 10:40:36
1934,1730,0.9497946194293392,2 days 10:40:19
1934,1730,0.948750971292109,2 days 01:30:12
1934,1730,0.9487116874994447,5 days 12:09:53
1730,1934,0.9487116874994447,5 days 12:10:27
3389,177,0.9481361060945616,0 days 20:24:15
1934,1730,0.9472979603692797,3 days 03:47:15
1730,1934,0.9456714506545661,3 days 01:29:59
1934,1730,0.9456714506545661,3 days 01:29:26
177,3389,0.9456070078155859,2 days 00:22:55
1730,1934,0.9451384544060006,2 days 09:10:14
3389,177,0.9447920167868591,6 days 09:43:59
3389,177,0.9447920167868591,6 days 00:19:58
181,173,0.9441762696956085,0 days 02:04:24
1934,1730,0.9431372693995846,0 days 21:51:50
177,3389,0.9431019897097254,0 days 00:11:07
173,181,0.9425326381901353,0 days 00:03:40
114,173,0.942044325481806,0 days 03:25:22
3389,177,0.9416219400652781,5 days 02:00:22
177,3389,0.9416087341752548,4 days 17:17:53
219,173,0.9414350853554022,0 days 00:07:22
219,173,0.9414350853554022,0 days 00:14:06
173,219,0.9412723273529119,0 days 00:51:16
177,3389,0.940919458487254,2 days 21:10:05
177,3389,0.940919458487254,2 days 21:08:15
177,3389,0.940919458487254,2 days 22:26:13
177,3389,0.940919458487254,2 days 21:06:15
177,3389,0.9407371795995552,6 days 22:50:27
3389,177,0.9405505649805337,2 days 22:23:21
173,114,0.94040440528617,1 days 05:34:40
173,114,0.94040440528617,1 days 05:34:27
114,173,0.94040440528617,5 days 22:25:18
173,181,0.9402709477186648,0 days 02:09:07
181,173,0.9402709477186648,0 days 02:04:49
114,173,0.9400322958713577,2 days 18:54:50
219,173,0.9400322958713577,0 days 10:04:31
173,219,0.9400322958713577,6 days 21:02:09
173,114,0.9397153433616284,1 days 20:34:00
173,181,0.9395819835824022,2 days 09:01:13
181,173,0.9395819835824022,4 days 02:00:18
1751,1735,0.9394034951256648,1 days 04:29:54
173,219,0.9391649056580977,0 days 00:45:07
114,173,0.939158049173053,0 days 03:25:40
1730,1934,0.9384671305388752,0 days 21:59:48
3389,177,0.9383950299348895,0 days 03:18:55
3389,177,0.9383764872957028,2 days 01:23:14
1730,1934,0.9381595729644927,2 days 22:49:43
1934,1730,0.9381595729644927,2 days 22:49:23
177,3389,0.9381440835137396,2 days 00:33:23
114,173,0.9381071493434593,1 days 04:54:58
219,173,0.9381071493434593,0 days 11:58:39
181,173,0.9379463498562027,3 days 23:52:14
173,114,0.9379463498562027,1 days 13:09:39
173,181,0.9379463498562027,2 days 11:09:17
173,219,0.9379276504923565,6 days 21:02:44
219,173,0.9379276504923565,0 days 10:03:56
173,219,0.9377654988652826,6 days 22:01:22
219,173,0.9377654988652826,0 days 09:05:18
1730,1934,0.9377367358913814,1 days 12:39:17
173,219,0.9374612676679004,5 days 21:59:23
182,206,0.9374261676153254,5 days 05:21:22
182,206,0.9374261676153254,1 days 13:51:48
173,114,0.9372231425227907,5 days 22:32:03
173,114,0.9370886687300716,4 days 11:05:01
3389,177,0.9364531948995604,3 days 00:47:10
1730,1934,0.9362675598966664,2 days 09:36:41
1934,1730,0.9362675598966664,2 days 09:36:27
114,173,0.9362379010553956,1 days 12:56:53
173,181,0.9360666664903539,2 days 10:01:08
114,173,0.9360232190491408,4 days 12:14:50
114,173,0.9360232190491408,4 days 03:39:23
114,173,0.9360232190491408,0 days 23:25:38
173,114,0.9360232190491408,4 days 23:34:39
219,173,0.936006814189502,0 days 11:58:04
114,173,0.935890383238036,4 days 16:54:56
219,173,0.9358449946421272,0 days 10:59:26
207,187,0.9357915995159739,6 days 02:24:55
179,187,0.9357915995159739,6 days 02:29:34
173,114,0.9356212501333595,5 days 18:05:09
173,219,0.9356212501333595,1 days 12:59:07
1934,1730,0.9355484044118921,2 days 10:31:01
1730,1934,0.9355484044118921,2 days 10:31:16
114,173,0.9353846319365435,4 days 11:25:35
182,206,0.9353760901780248,4 days 19:42:02
114,173,0.9353444858874044,5 days 16:19:48
114,173,0.9353444858874044,1 days 23:25:29
173,114,0.9353444858874044,1 days 07:32:58
173,219,0.9352117463987709,6 days 00:04:50
181,173,0.9352117463987709,6 days 00:03:15
181,219,0.9352117463987709,6 days 00:03:47
114,219,0.9349585675816885,2 days 21:48:50
173,114,0.9349585675816885,6 days 03:12:02
114,173,0.9349585675816885,2 days 21:56:47
173,219,0.9349585675816885,3 days 00:55:43
1934,1730,0.9348448366525878,1 days 12:40:47
207,173,0.934838558594739,3 days 07:22:32
207,114,0.934838558594739,3 days 17:27:37
1934,1730,0.9347921892643989,1 days 14:31:40
114,173,0.9347247459779238,2 days 00:25:17
1751,1735,0.9346524852850755,4 days 10:21:40
173,219,0.9346078649786328,2 days 22:01:30
173,114,0.9344525207224206,5 days 17:13:25
173,181,0.9344371522633518,2 days 12:09:12
173,219,0.9342611758866847,5 days 10:50:34
114,173,0.9342611758866847,3 days 07:54:54
114,173,0.9342611758866847,3 days 07:55:07
1751,1735,0.9340864049240597,0 days 16:10:40
1735,1751,0.9340864049240597,0 days 16:10:05
181,173,0.9340587520038266,6 days 19:37:39
181,173,0.9339261949802221,0 days 12:59:09
1934,1730,0.9338570268276642,6 days 23:49:29
181,173,0.9337950112183884,3 days 19:22:11
173,181,0.9336335740538663,1 days 08:00:09
181,173,0.9336335740538663,3 days 22:59:39
181,173,0.9335837204252256,5 days 21:55:11
181,219,0.9335837204252256,5 days 21:55:43
173,219,0.9335837204252256,5 days 21:58:58
173,179,0.9335837204252256,0 days 09:06:26
173,114,0.933576615286732,6 days 12:09:19
114,173,0.933576615286732,2 days 16:55:34
173,219,0.9335264806778447,1 days 12:59:42
173,219,0.9333650899376542,1 days 13:58:20
1730,1934,0.9333323548728439,2 days 10:40:43
1934,1730,0.9333323548728439,2 days 10:39:39
173,114,0.9330713164099336,0 days 14:59:53
173,219,0.9330509715952078,0 days 01:50:59
114,173,0.9330229616447385,4 days 16:55:14
173,181,0.9329535760006753,1 days 06:01:05
173,114,0.9329396973310533,3 days 00:09:22
173,114,0.9328996562167843,5 days 12:09:28
173,114,0.9328996562167843,1 days 19:15:09
173,219,0.9328996562167843,1 days 22:03:29
114,219,0.932865281811124,2 days 21:49:25
114,173,0.932865281811124,2 days 22:02:56
173,219,0.932865281811124,3 days 00:56:18
181,173,0.932825017884585,0 days 11:59:01
114,219,0.932704005380893,2 days 22:48:03
173,219,0.932704005380893,3 days 01:54:56
1730,1934,0.9326584935737723,1 days 02:17:10
1934,1730,0.9326584935737723,1 days 02:14:03
1934,1730,0.9325450244488789,6 days 01:07:51
173,114,0.932535946774947,1 days 18:34:44
173,219,0.9325153643987647,2 days 22:02:05
1730,1934,0.9324377875313501,4 days 04:50:42
1934,1730,0.9324377875313501,4 days 04:50:18
181,173,0.9324036058603699,4 days 00:00:25
173,219,0.9323541484632615,2 days 23:00:43
181,173,0.9323004069074596,0 days 10:51:05
181,173,0.9323004069074596,5 days 23:53:10
181,173,0.9323004069074596,5 days 23:53:23
173,114,0.9322815362008743,5 days 11:09:40
1735,1751,0.9322173843099084,2 days 09:14:27
1751,1735,0.9322173843099084,2 days 09:15:00
181,173,0.9321694515116327,3 days 17:14:07
173,219,0.9321694515116327,5 days 10:51:09
173,114,0.932141670852145,3 days 04:34:31
3389,177,0.9320100015397329,2 days 01:26:27
173,179,0.9317718595593749,0 days 04:40:25
1934,1730,0.931750661519021,2 days 08:59:57
181,173,0.9316172830205194,5 days 08:53:50
173,179,0.9316107721631246,5 days 08:02:45
173,179,0.9316107721631246,0 days 01:02:57
173,114,0.9314752618004923,3 days 23:13:19
114,173,0.9314752618004923,3 days 07:53:21
207,173,0.9313556999221234,6 days 12:22:27
173,181,0.9313294810727728,1 days 08:09:09
181,173,0.9312011467519385,0 days 09:50:57
181,173,0.9311800817115851,4 days 00:00:48
173,114,0.9311006948495772,1 days 09:02:29
173,114,0.9311006948495772,4 days 06:39:03
219,173,0.9310636347277242,2 days 14:17:50
173,219,0.9309619567556482,0 days 01:44:50
3389,177,0.9309574536968691,3 days 00:40:36
173,179,0.9309322473874441,5 days 06:03:41
181,173,0.930780468325995,3 days 21:52:21
1751,1735,0.930756481155556,0 days 00:06:52
1735,1751,0.930756481155556,0 days 00:06:17
1934,1730,0.9306911554003151,2 days 01:25:34
173,114,0.9306261524540932,3 days 08:34:36
219,173,0.9304255311296512,5 days 03:21:07
173,179,0.9304255311296512,5 days 20:17:27
173,179,0.9304255311296512,5 days 10:18:09
173,179,0.9303834688073722,0 days 00:02:11
1730,1934,0.9303663101875664,0 days 12:09:55
1934,1730,0.9303663101875664,0 days 12:08:49
1751,1735,0.9303182436571956,0 days 00:19:56
1735,1751,0.9303182436571956,0 days 00:19:23
1751,1735,0.929856246888155,0 days 01:55:19
1735,1751,0.929856246888155,0 days 01:54:46
177,3389,0.929701348045235,6 days 23:38:32
1934,1730,0.9296795302077765,0 days 17:06:35
1730,1934,0.9296580637315862,4 days 20:43:28
173,219,0.9295747728028755,6 days 23:01:05
219,173,0.9295747728028755,0 days 08:05:35
114,173,0.9295676397177677,3 days 09:47:29
1751,1735,0.9295650386922856,6 days 14:13:15
181,173,0.9295590741003011,3 days 21:52:44
173,114,0.9295267289095757,4 days 21:04:02
1730,1934,0.929502965613658,1 days 01:33:33
207,173,0.9294483226970873,4 days 22:22:35
1751,1735,0.9294361350750895,6 days 19:36:24
114,173,0.9292343106138191,6 days 12:55:03
179,219,0.9292343106138191,5 days 01:44:08
173,179,0.9292343106138191,6 days 14:17:38
114,173,0.9292343106138191,3 days 05:56:36
173,219,0.9292343106138191,5 days 02:01:09
179,173,0.9292343106138191,5 days 01:52:05
173,179,0.9292343106138191,3 days 23:16:44
173,179,0.929162595534724,0 days 00:01:48
181,173,0.9291465588904722,1 days 06:55:47
173,181,0.9291465588904722,1 days 14:40:47
219,173,0.9288527065105668,4 days 12:56:08
173,114,0.9287718106089001,3 days 00:32:41
1751,1735,0.9287477130018118,3 days 12:53:32
173,179,0.9287313620119078,3 days 13:18:07
1730,1934,0.9286968387156634,3 days 21:13:47
177,3389,0.9286917780204971,0 days 20:09:00
1934,1730,0.9286423058422294,1 days 11:47:31
173,179,0.9286413745335643,3 days 21:58:12
181,173,0.9286400038820127,3 days 21:59:07
114,173,0.9286186191800908,6 days 13:54:51
173,114,0.9286186191800908,6 days 07:58:45
173,114,0.9285584302468158,6 days 17:12:53
173,207,0.9284392427657857,0 days 17:37:24
1934,1730,0.9281261399336546,0 days 06:02:41
173,181,0.9279756307177884,3 days 22:09:58
181,114,0.9279569758382734,2 days 15:58:16
173,114,0.9279569758382734,2 days 16:02:59
181,173,0.9279569758382734,2 days 05:53:11
219,173,0.9279452552734949,3 days 02:01:25
219,173,0.927671042841529,0 days 09:59:43
207,173,0.9275963277653131,5 days 06:24:30
173,181,0.9275758962918371,2 days 05:05:46
114,173,0.9275586874235437,1 days 17:36:47
179,173,0.9274700561059002,6 days 22:56:20
1934,1730,0.9273405980217766,3 days 00:55:15
219,181,0.9272840917053283,6 days 18:01:54
173,219,0.9272840917053283,5 days 11:04:38
219,173,0.9272840917053283,6 days 17:57:11
181,173,0.9272840917053283,5 days 21:54:52
173,181,0.9272840917053283,6 days 18:02:26
1751,1735,0.9271689426472851,0 days 00:26:32
1735,1751,0.9271689426472851,0 days 00:25:56
1934,1730,0.9271664988586825,1 days 05:32:22
179,173,0.9271538409252431,5 days 01:58:14
179,219,0.9271538409252431,5 days 01:44:43
173,219,0.9271538409252431,5 days 02:01:44
173,219,0.9271538409252431,2 days 04:41:36
173,114,0.9271043694368344,4 days 12:13:09
114,173,0.9271043694368344,1 days 08:49:43
181,173,0.9270234180636513,3 days 19:51:03
173,219,0.9269935519053226,2 days 01:04:08
173,219,0.9269935519053226,5 days 03:00:22
179,219,0.9269935519053226,5 days 02:43:21
173,179,0.9269935519053226,5 days 19:16:43
173,207,0.9269853685954814,2 days 00:37:32
1751,1735,0.9268143699100501,3 days 11:39:10
1751,1735,0.9267085098235945,0 days 01:48:46
1735,1751,0.9267085098235945,0 days 01:48:10
173,181,0.9266696924463098,3 days 16:00:29
173,179,0.9266280210143502,0 days 02:03:29
173,114,0.9264498323622787,6 days 08:12:05
114,173,0.9264155425808462,4 days 15:27:19
173,181,0.9263602014468845,4 days 00:18:02
181,173,0.9262840702439271,3 days 23:59:56
181,179,0.9262840702439271,4 days 00:02:36
173,179,0.9262840702439271,4 days 00:03:39
1751,1735,0.9262721782725643,0 days 02:14:59
1735,1751,0.9262721782725643,0 days 02:14:25
173,219,0.9261907462049852,5 days 12:04:46
173,114,0.9261002090410166,4 days 13:12:51
173,114,0.9261002090410166,0 days 00:12:40
114,173,0.92605241809591,1 days 08:55:03
177,3389,0.9260207713623867,2 days 23:57:21
179,173,0.9260176996175141,5 days 15:56:12
1934,1730,0.9259169084287135,0 days 23:29:34
1730,1934,0.9259169084287135,0 days 23:29:47
173,219,0.9257723312721902,2 days 00:03:22
173,179,0.9257723312721902,1 days 19:18:01
179,173,0.9257723312721902,5 days 11:48:39
173,114,0.925756675830398,2 days 13:01:44
1751,1735,0.9253431889668268,6 days 16:51:47
173,219,0.9252127983710053,1 days 14:58:03
173,114,0.9251342084914816,5 days 17:58:10
1934,1730,0.9249747783065384,0 days 08:31:30
1730,1934,0.9249747783065384,0 days 08:31:48
219,173,0.9249696588089297,2 days 14:17:20
1751,1735,0.9248763513104894,2 days 23:20:49
173,179,0.9248583178689467,5 days 21:59:36
173,219,0.9247784962832619,0 days 01:51:21
1934,1730,0.9247513197286904,5 days 02:03:08
1730,1934,0.9247513197286904,5 days 02:03:42
181,173,0.9246715856584358,3 days 21:51:52
173,179,0.9246715856584358,3 days 21:57:47
181,179,0.9246715856584358,3 days 21:54:32
173,219,0.9245575088535842,2 days 00:02:59
114,219,0.9245574879256988,2 days 23:47:46
173,219,0.9245574879256988,3 days 02:54:39
181,173,0.9244997553680663,5 days 10:53:06
209,173,0.9243945447201272,5 days 20:10:17
173,219,0.9242106867636658,3 days 00:00:26
1934,1730,0.9242078593019931,2 days 17:20:03
209,173,0.9241824900834882,5 days 11:50:52
1730,1934,0.9241317684423176,2 days 00:13:37
1934,1730,0.9241317684423176,2 days 00:13:22
181,173,0.9241088771446171,4 days 00:53:19
179,173,0.9239940516328599,0 days 01:57:42
173,179,0.9239940516328599,6 days 09:03:49
173,114,0.9239940516328599,2 days 20:07:38
173,210,0.9239784370101269,0 days 18:43:16
179,173,0.9238763885508593,5 days 13:42:47
173,219,0.9238678544638645,5 days 12:49:30
207,173,0.9238124135491977,6 days 10:23:11
219,173,0.9237246657830812,0 days 00:09:46
173,219,0.9237246657830812,3 days 00:55:24
1751,1735,0.9236769301671904,3 days 11:32:37
1730,1934,0.9236101225099733,2 days 16:05:18
1934,1730,0.9236101225099733,2 days 16:03:56
1751,1735,0.9235643176714461,1 days 03:38:49
209,173,0.9234770677373629,5 days 18:04:50
209,181,0.9234770677373629,5 days 18:05:53
1751,1735,0.9232420260055059,3 days 11:58:50
219,173,0.9228733579358976,4 days 22:55:09
173,179,0.9228733579358976,4 days 13:17:35
1751,1735,0.922783543291698,3 days 09:44:08
173,219,0.9227080027509111,0 days 01:45:12
181,173,0.9226390384931145,6 days 00:01:25
173,179,0.9226390384931145,6 days 00:05:03
181,179,0.9226390384931145,6 days 00:04:00
181,173,0.9226064188285593,3 days 20:53:14
210,219,0.9224624668907812,5 days 14:23:54
209,173,0.9224362411771557,5 days 20:08:52
1751,1735,0.922296302195736,6 days 22:33:21
210,219,0.922268493043349,5 days 02:11:12
1730,1934,0.9222105811553457,5 days 00:09:32
1934,1730,0.9221770685120264,2 days 14:04:34
1751,1735,0.9221400462418904,5 days 17:47:23
207,173,0.9221043744457667,1 days 22:45:06
210,219,0.9220947725655391,5 days 02:19:28
210,173,0.9220947725655391,5 days 02:19:59
1751,1735,0.9219604824958624,3 days 04:14:42
1751,1735,0.9219604824958624,6 days 15:28:29
1934,1730,0.9219204689131506,3 days 21:40:50
209,181,0.9218694696099449,5 days 20:13:57
209,173,0.9218694696099449,5 days 20:10:42
1934,1730,0.9218296556468082,5 days 15:30:48
1751,1735,0.921745472122552,2 days 23:14:16
177,3389,0.9216959505117744,3 days 22:36:24
173,219,0.9216565316797652,3 days 00:55:59
219,173,0.9216565316797652,0 days 00:15:55
173,181,0.9216047669895113,1 days 19:06:45
114,173,0.9215889262299549,2 days 02:32:46
209,173,0.9215745070661968,1 days 19:55:55
209,173,0.9215207078432761,5 days 18:03:25
209,181,0.9215207078432761,5 days 18:04:28
1934,1730,0.9215034743775389,2 days 16:13:24
173,219,0.921497193050462,3 days 01:54:37
1751,1735,0.9214595644525936,6 days 06:58:55
173,179,0.9214281995714492,6 days 10:03:38
219,173,0.9214281995714492,3 days 15:55:01
179,173,0.9214281995714492,3 days 12:45:01
173,179,0.9214281995714492,2 days 08:17:51
210,173,0.9213716731324588,5 days 02:19:44
210,219,0.9213716731324588,5 days 02:19:08
173,207,0.9213623885621207,0 days 13:11:26
207,173,0.9213623885621207,2 days 08:25:08
114,173,0.9213617006530908,6 days 07:06:21
219,173,0.9213331176385576,0 days 08:05:13
173,219,0.9213331176385576,6 days 23:01:27
1751,1735,0.9213114773688158,2 days 23:40:29
209,173,0.921193988777087,3 days 09:04:40
1730,1934,0.9211338605115962,3 days 14:05:01
1934,1730,0.9211075227819204,4 days 19:31:04
181,179,0.921032899215397,5 days 21:55:56
173,179,0.921032899215397,5 days 21:59:11
181,173,0.921032899215397,5 days 21:53:21
1751,1735,0.9208539533669738,2 days 21:25:47
179,114,0.9207755696847442,2 days 03:55:18
179,173,0.9207755696847442,2 days 00:48:25
173,114,0.9207755696847442,2 days 04:12:19
181,173,0.9207680568992648,4 days 04:55:09
1751,1735,0.9207443041465919,3 days 11:45:50
210,219,0.9205990964345958,5 days 02:44:11
173,179,0.9205370546497212,6 days 10:03:44
173,179,0.9204301871188043,2 days 09:17:33
179,173,0.9204301871188043,2 days 03:42:38
173,219,0.9204215280167874,6 days 09:07:10
173,179,0.9203580313622348,1 days 22:03:42
209,173,0.9203446206437582,6 days 23:59:42
219,173,0.9202832133164994,0 days 10:06:20
173,219,0.9202832133164994,6 days 21:00:20
173,219,0.9202279833345303,5 days 20:54:28
173,181,0.9201615951542018,3 days 02:06:53
1730,1934,0.920152098900459,3 days 03:03:48
1934,1730,0.920152098900459,3 days 03:03:26
173,219,0.9200546472115195,5 days 21:02:44
179,173,0.9199857347352349,6 days 12:57:19
173,114,0.9199526512992844,1 days 18:42:31
209,173,0.9199165153667532,5 days 20:09:17
209,181,0.9199165153667532,5 days 20:12:32
1934,1730,0.9199016248452251,0 days 05:58:13
173,207,0.9198048846036151,1 days 03:36:25
173,219,0.9196963179252556,2 days 00:03:51
179,219,0.9196963179252556,2 days 00:01:11
179,173,0.9196963179252556,2 days 00:00:39
209,173,0.9196221776927621,1 days 19:54:30
207,173,0.9195155246869833,6 days 23:24:13
219,207,0.9195155246869833,5 days 16:32:33
173,207,0.9195155246869833,5 days 16:33:05
219,173,0.9194462662396748,0 days 09:59:21
101,181,0.9193759128772033,4 days 12:23:11
173,219,0.9193331476286181,5 days 21:02:24
209,173,0.919242465520822,3 days 09:03:15
173,114,0.919180051227261,5 days 09:02:11
1751,1735,0.9191037064908794,5 days 12:05:49
179,173,0.9190869461681966,5 days 02:02:36
173,207,0.9189062727197846,2 days 14:31:08
173,219,0.9188969112691916,5 days 04:00:05
179,219,0.9188969112691916,5 days 03:43:04
210,219,0.9188772379149927,5 days 02:44:27
1751,1735,0.9188394740684585,3 days 04:08:09
1751,1735,0.9188394740684585,6 days 15:35:05
173,219,0.9185622802488818,5 days 21:27:27
207,173,0.9185499728382219,3 days 17:44:35
219,207,0.9185499728382219,3 days 19:54:00
219,173,0.9185499728382219,3 days 17:47:05
173,219,0.918545114848566,0 days 12:03:55
173,219,0.9185312361350076,3 days 19:10:17
2172,2269,0.9185076492389411,3 days 04:11:55
181,173,0.9184660884567661,0 days 21:15:45
173,179,0.9184320941698376,3 days 11:03:27
1751,1735,0.9184254653307745,6 days 01:17:21
1751,1735,0.9184068475752101,6 days 15:08:50
1751,1735,0.9184068475752101,3 days 04:34:22
219,173,0.9183985120774242,0 days 12:00:28
219,207,0.9183568217034225,4 days 08:06:42
219,173,0.9183519647352965,0 days 00:08:47
173,179,0.9183436559832551,1 days 23:20:21
1934,1730,0.9183174933087832,1 days 22:18:32
1730,1934,0.9183174933087832,1 days 22:18:53
207,173,0.9182515494517586,1 days 01:24:38
207,181,0.9182515494517586,1 days 01:29:21
173,207,0.9181838380364428,4 days 07:57:55
173,219,0.9181838380364428,4 days 07:55:25
219,207,0.9181838380364428,4 days 07:58:26
1730,1934,0.9180628097194713,2 days 06:31:57
1934,1730,0.9180628097194713,2 days 06:31:38
179,173,0.9179592819991395,1 days 06:33:51
1751,1735,0.9179507660148007,3 days 02:19:40
1751,1735,0.9179507660148007,6 days 17:23:32
179,173,0.9179171676751671,5 days 03:20:54
210,219,0.9179098058505377,5 days 03:14:53
173,219,0.9178247990290133,5 days 15:42:51
173,219,0.9178247990290133,0 days 12:04:10
219,173,0.9177939186765703,1 days 07:00:41
173,114,0.9177939186765703,2 days 22:03:59
209,173,0.9177474678449882,3 days 08:04:45
219,179,0.9176318003825359,2 days 10:26:58
219,173,0.9176318003825359,0 days 00:08:32
1751,1735,0.917627412710045,3 days 11:39:17
173,207,0.917463805527311,4 days 07:58:10
219,207,0.917463805527311,4 days 07:58:46
173,219,0.917463805527311,4 days 07:55:40
219,173,0.9174589532821325,0 days 00:00:51
219,173,0.9174589532821325,0 days 00:00:16
114,173,0.9174037896104795,6 days 23:25:33
1934,1730,0.9173545509175196,5 days 15:26:16
1730,1934,0.9173545509175196,5 days 15:26:35
1751,1735,0.9171953569039192,3 days 12:05:30
179,173,0.9171284040231212,6 days 08:44:49
219,173,0.9171284040231212,6 days 11:56:11
1934,1730,0.9170507091325835,4 days 16:26:52
173,219,0.9170098166842334,1 days 14:58:25
1751,1735,0.9168781451032445,0 days 05:41:51
1735,1751,0.9168781451032445,0 days 05:41:17
173,219,0.9168442313238305,5 days 21:27:43
187,173,0.9167411456449946,2 days 18:31:06
187,173,0.9167411456449946,3 days 03:06:33
187,114,0.9167411456449946,3 days 04:21:17
1751,1735,0.9167398769707265,3 days 09:50:48
219,207,0.9166945056042154,4 days 07:33:43
173,219,0.9166896574276789,0 days 00:24:12
187,173,0.9166110462509018,3 days 07:46:39
173,219,0.9164747296404003,3 days 19:10:52
207,173,0.916366911323611,5 days 02:22:40
179,173,0.9163654876413584,4 days 12:55:55
173,219,0.9163603162532191,3 days 02:55:01
114,219,0.9163603162532191,2 days 23:48:08
173,219,0.9163162868559224,3 days 20:09:30
173,179,0.9160772097190006,0 days 00:00:45
219,179,0.9160772097190006,0 days 00:00:13
173,219,0.9160772097190006,0 days 00:02:22
173,219,0.9160165898471623,3 days 00:00:48
173,219,0.9159707966431716,0 days 00:24:27
173,219,0.9159648389758729,1 days 12:57:18
173,219,0.915878939693029,5 days 21:58:09
173,181,0.9158677101478317,0 days 06:05:43
209,173,0.9158032459452602,3 days 08:03:20
219,173,0.9157390629675676,1 days 07:00:06
173,219,0.9156767971152117,5 days 12:49:52
209,173,0.9156488862174814,6 days 07:05:02
219,173,0.9155807473672573,1 days 06:01:28
114,173,0.9155686097001391,6 days 16:02:20
179,173,0.9154702359081807,3 days 02:01:12
173,114,0.9153160786824883,0 days 03:06:34
114,219,0.9153160786824883,2 days 21:47:01
173,219,0.9153160786824883,3 days 00:53:54
114,173,0.9151922705800886,6 days 21:27:15
173,181,0.9150623909947265,1 days 06:00:32
187,173,0.9150154005624455,1 days 22:46:50
187,173,0.9150154005624455,1 days 22:46:37
173,114,0.9150058538353507,0 days 12:09:24
219,207,0.9149799501039317,4 days 07:33:27
173,219,0.9149751109952667,0 days 00:24:28
173,219,0.9149727439695468,2 days 21:59:41
209,173,0.9149193168618612,4 days 10:05:44
179,181,0.9148179608259134,6 days 18:01:41
173,179,0.9148179608259134,5 days 11:04:51
179,173,0.9148179608259134,6 days 17:56:58
173,181,0.9148179608259134,6 days 18:04:16
173,179,0.914689461098484,2 days 04:41:49
173,219,0.9146333384480969,5 days 10:48:45
209,173,0.9145692595975543,6 days 06:04:54
187,78,0.9145393357211719,4 days 22:21:35
173,179,0.9145313269563609,2 days 01:04:21
114,173,0.914471916142916,2 days 03:55:11
114,173,0.914471916142916,2 days 13:54:29
187,173,0.9143449419072619,1 days 07:47:17
173,187,0.9142816111285147,1 days 11:13:55
173,219,0.914257594744521,0 days 00:24:43
209,173,0.9142529490580649,4 days 12:04:48
219,207,0.9140166212657157,4 days 07:03:01
173,219,0.9140117872518648,0 days 00:54:54
1934,1730,0.9139497450051304,4 days 22:24:07
1730,1934,0.9139497450051304,4 days 22:24:20
187,173,0.9138026935273905,3 days 07:46:57
173,179,0.9137393139365199,5 days 12:04:59
209,173,0.9137091101032245,6 days 07:03:37
187,114,0.9136116901423986,0 days 01:55:44
173,187,0.9136116901423986,0 days 09:01:11
173,181,0.9134694412208485,1 days 08:08:36
173,101,0.9134554890092076,4 days 11:52:38
173,101,0.9134554890092076,6 days 04:52:40
173,101,0.9134554890092076,4 days 05:37:42
101,173,0.9134554890092076,0 days 17:52:19
173,101,0.9134554890092076,0 days 20:52:38
173,101,0.9134554890092076,4 days 03:52:38
173,101,0.9134554890092076,2 days 12:52:38
173,101,0.9134554890092076,1 days 23:52:38
173,101,0.9134554890092076,1 days 20:07:41
101,173,0.9134554890092076,3 days 00:37:22
101,173,0.9134554890092076,2 days 01:22:21
173,101,0.9134554890092076,0 days 08:37:41
101,173,0.9134554890092076,4 days 06:52:21
173,101,0.9134554890092076,5 days 06:37:38
173,101,0.9134554890092076,0 days 04:07:41
173,219,0.9134485592665507,3 days 02:54:20
173,179,0.9133265240493399,2 days 00:03:35
1751,1735,0.9133050740131448,6 days 00:42:11
173,219,0.9132950264319855,0 days 00:55:09
181,210,0.9132613906711409,0 days 18:43:55
173,179,0.9130798252579208,5 days 06:03:08
209,173,0.9129810863195272,4 days 10:04:19
114,173,0.9129092627314023,1 days 09:55:00
114,173,0.9129092627314023,4 days 00:55:54
219,173,0.9128718068131425,2 days 06:34:01
173,114,0.9128001153354746,0 days 14:07:42
207,179,0.9127076597036538,0 days 01:25:29
209,173,0.9126317706415753,6 days 06:03:29
219,173,0.9125379010464562,3 days 17:46:35
207,173,0.9125379010464562,3 days 17:44:05
1934,1730,0.9124613531663117,4 days 08:59:27
114,173,0.9124151500709913,4 days 10:54:31
209,173,0.9123161301969643,4 days 12:03:23
187,78,0.9122923086749158,3 days 22:53:30
187,78,0.9122923086749158,3 days 22:54:05
187,78,0.9122923086749158,3 days 22:52:51
173,179,0.912128033341157,2 days 00:03:12
1934,1730,0.912085804272379,6 days 18:49:34
173,114,0.9120341685329717,0 days 14:05:29
173,187,0.9119200254181296,2 days 18:10:46
173,187,0.9119200254181296,5 days 15:47:20
173,219,0.9118174736278972,5 days 15:43:21
1730,1934,0.9116823879026543,2 days 22:10:52
1934,1730,0.9116823879026543,2 days 22:10:36
207,219,0.9108596621875511,1 days 03:26:45
173,219,0.9108548448700969,5 days 11:24:40
173,207,0.9107989675525702,6 days 14:47:01
173,179,0.9107989675525702,6 days 14:42:22
179,219,0.9107499265447648,5 days 03:43:26
173,219,0.9107499265447648,5 days 04:00:27
78,2078,0.9107471345267127,0 days 01:29:52
114,173,0.9107078702976884,2 days 04:55:55
206,182,0.9106393093248658,4 days 09:30:07
206,182,0.9106393093248658,4 days 08:24:53
179,173,0.9104665236463151,4 days 22:54:56
1934,1730,0.9104584971427343,1 days 19:07:19
173,187,0.9103784831682386,6 days 06:12:19
173,187,0.9103155884746378,1 days 19:13:22
187,173,0.9103155884746378,4 days 03:46:55
114,187,0.9103155884746378,1 days 09:08:17
173,114,0.910309743293026,0 days 11:05:31
101,114,0.9101914754205838,3 days 07:20:52
101,114,0.9101914754205838,3 days 22:50:52
114,101,0.9101914754205838,4 days 23:54:08
101,114,0.9101914754205838,2 days 21:35:53
101,114,0.9101914754205838,5 days 02:33:33
114,101,0.9101914754205838,0 days 19:39:07
114,101,0.9101914754205838,6 days 06:09:07
101,114,0.9101914754205838,5 days 02:35:52
101,114,0.9101914754205838,0 days 07:05:52
101,114,0.9101914754205838,2 days 05:20:53
101,114,0.9101914754205838,6 days 14:35:52
114,187,0.9101811597389424,4 days 14:22:36
173,187,0.9101811597389424,4 days 15:37:20
173,187,0.9101811597389424,5 days 00:12:47
173,114,0.910169924382973,0 days 21:21:27
173,219,0.9101405596994827,5 days 11:24:55
187,173,0.9100920886878415,1 days 20:48:19
187,173,0.9100920886878415,5 days 03:46:46
173,187,0.9100519913057821,4 days 10:57:14
